,issue_id,comment_id,quotation,quotation_tbdf,quotation_code,issue_final_code,author_name,is_first_author_thread,nr_characters,ratio_words_email_thread,ratio_words_email_comment,position_sentence_comment,position_sentence_thread,is_last_comment,time_start_to_email,time_email_to_end,time_previous_to_email,time_email_to_next
0,10132,297910810,Can you give indications on where the changes should happen and other indications?,humility,civil,civil,Abdullah Hilson,0,82,0.4,0.4,0.3333333333333333,0.14285714285714285,0,0.4489795918367347,0.5496598639455782,0.5510204081632653,0.45034013605442175
1,10132,297910810,I am a bit lost in the source code,humility,civil,civil,Abdullah Hilson,0,34,0.2571428571428571,0.2571428571428571,0.6666666666666666,0.2857142857142857,0,0.4489795918367347,0.5496598639455782,0.5510204081632653,0.45034013605442175
2,10165,562312443,My sincere apologies if I missed something.,sincere_apologies,civil,civil,Hugh,0,43,0.6666666666666666,0.6666666666666666,1.0,1.0,0,1.0,0.0,0.06666666666666667,0.06666666666666667
3,102,102,"If I sound hostile, it because I am kindly sharing the user hostility you're unleashing on developers trying to get work done.",oppression,civil,uncivil,,1,126,0.625,0.625,0.6428571428571429,0.5625,0,0.0,0.0,0.0,0.0
4,10260,108364977,"I don't know anything about gclient or gyp, and I didn't see any documentation in the repo to lead me in the right direction (except the README, which tells me I should be looking in tools/).",humility,civil,civil,None,0,191,0.8269230769230769,0.0,0.39285714285714285,0.6721311475409836,0,0.1502532357906584,0.8491840180078785,0.8497467642093416,0.12999437253798538
5,10260,108364985,I'm afraid that without guidance/help I won't be able to move far with the port.,humility,civil,civil,None,0,80,0.34615384615384615,0.0,0.2857142857142857,0.5245901639344263,0,0.41699493528418685,0.5830050647158131,0.5835678109172763,0.39617332583005066
6,10260,108364985,"I'm also having huge issues with building NSPR similarly to what was reported in comment #&#173,7 over an year ago.",humility,civil,civil,None,0,115,0.4807692307692308,0.0,0.5357142857142857,0.5245901639344263,0,0.41699493528418685,0.5830050647158131,0.5835678109172763,0.39617332583005066
7,10260,166933212,I would like to help .. just don't think I have the needed skills.,humility,civil,civil,None,0,66,0.3076923076923077,0.9411764705882353,0.75,0.04918032786885246,0,0.5447383230163196,0.45526167698368036,0.4558244231851435,0.5239167135621835
8,10260,166937573,Unfortunately since then work has been busy which left no time for further dart work.,sadness,civil,uncivil,None,0,85,0.3076923076923077,0.45714285714285713,0.13333333333333333,0.39344262295081966,0,0.5447383230163196,0.45526167698368036,0.4558244231851435,0.5239167135621835
9,10260,222833331,It's quite sad that not all of the interested parties were invited to the table.,sadness,civil,civil,None,0,80,0.3269230769230769,0.4146341463414634,1.0,1.0,0,0.634777715250422,0.3646595385481148,0.36522228474957796,0.614518851997749
10,10260,223074767,I understand your frustration at the delay in getting this in.,considerateness,civil,civil,Siva,0,62,0.23076923076923078,0.2926829268292683,0.2,0.29508196721311475,0,0.6353404614518852,0.3646595385481148,0.36522228474957796,0.614518851997749
11,10260,223074767,It is possible that moving the files to third_party is not ideal but it does provide us a clean separation of the hosts that the Dart team ships periodically as install ready binaries in a SDK vs other hosts.,humility,civil,civil,Siva,0,208,0.7692307692307693,0.975609756097561,0.6,0.32786885245901637,0,0.6353404614518852,0.3646595385481148,0.36522228474957796,0.614518851997749
12,10260,223074767,If you have other ideas on how we can maintain this separation I am willing to listen.,humility,civil,civil,Siva,0,86,0.34615384615384615,0.43902439024390244,0.8,0.3442622950819672,0,0.6353404614518852,0.3646595385481148,0.36522228474957796,0.614518851997749
13,10260,296791437,I had plans to make a proper port (with separate files and not patches on the linux ones) but after seeing how the Dart team treated the BSD ports efforts and specially Mulander's work ... I really got disappointed and lost all interest in Dart!,dissatisfaction,civil,uncivil,None,0,245,0.9423076923076923,1.0,0.6,0.2459016393442623,0,0.8193584693303321,0.18007878446820483,0.18064153066966798,0.7985368598761958
14,10260,359264188,I've likewise abandoned Dart because I see nothing in the Dart project to give me confidence that it will be ported.,dissatisfaction,civil,civil,Jameson Little,0,116,0.4423076923076923,0.5476190476190477,0.16666666666666666,0.6229508196721312,0,0.9724254361283061,0.027574563871693866,0.028137310073157007,0.95160382667417
15,10260,359264188,"I'm willing to give it another look if things change, but I can't use something if it doesn't support the systems I deploy on.",dissatisfaction,civil,civil,Jameson Little,0,126,0.5576923076923077,0.6904761904761905,0.3333333333333333,0.639344262295082,0,0.9724254361283061,0.027574563871693866,0.028137310073157007,0.95160382667417
16,10462,282091522,This would really help modularizing our code,expectation,civil,civil,Philip Nelson,0,44,0.1590909090909091,0.875,1.0,0.047619047619047616,0,0.06629834254143646,0.9337016574585635,0.9344909234411997,0.06708760852407261
17,10462,598375439,"The lack of communication on one of, if not the most requested feature of the last 3-4 years is not something to appreciate.",dissatisfaction,civil,uncivil,None,0,124,0.5681818181818182,0.6410256410256411,1.0,0.38095238095238093,0,0.9447513812154696,0.055248618784530384,0.056037884767166535,0.9455406471981057
18,10462,598380620,"They decided to implement it which is great news, crass comments like these do not help anyone.",dissatisfaction,civil,civil,Igor Konforti,0,95,0.4318181818181818,0.7916666666666666,1.0,0.5714285714285714,0,0.9447513812154696,0.055248618784530384,0.056037884767166535,0.9455406471981057
19,10462,598733706,apologise if you felt somehow attacked by my comment.,sincere_apologies,civil,civil,None,0,53,0.22727272727272727,0.22727272727272727,1.0,0.7619047619047619,0,0.9455406471981057,0.05445935280189424,0.055248618784530384,0.9463299131807419
20,109,792220411,Lose more games than the Jets and act like you are a team full of Tom Bradys.,friendly_joke,civil,uncivil,zerocarbthirty,0,77,1.0,1.0,0.25,0.25,0,0.0,0.0,0.0,0.0
21,11609,11609,It would be great if aside from the current way of building widgets you could add JSX like capabilities.,expectation,civil,uncivil,,1,104,0.29411764705882354,0.5714285714285714,0.09090909090909091,0.26,0,0.0,0.0,0.0,0.0
22,11609,322606129,Sorry if I sound defensive or aggressive. :-),sincere_apologies,civil,civil,Ian Hickson,0,45,0.16176470588235295,0.21153846153846154,0.9444444444444444,0.436,0,0.002849002849002849,0.9971509971509972,1.0,0.002849002849002849
23,11609,322606129,"don't take my argumentative tone as dismissive, I'm very interested in your input here.",considerateness,civil,civil,Ian Hickson,0,87,0.2647058823529412,0.34615384615384615,1.0,0.444,0,0.002849002849002849,0.9971509971509972,1.0,0.002849002849002849
24,11609,322844427,Stop nit-picking things that are not fully specified.,commanding,civil,uncivil,Carlos Bazzarella,0,53,0.1323529411764706,0.15789473684210525,0.8461538461538461,0.488,0,0.005698005698005698,0.9943019943019943,0.9971509971509972,0.002849002849002849
25,11609,323091842,Make Flutter look familiar to React developers and you have a chance of attracting a bunch of new users to Flutter.,commanding,civil,civil,Carlos Bazzarella,0,115,0.3235294117647059,0.44,1.0,0.744,0,0.005698005698005698,0.9914529914529915,0.9943019943019943,0.005698005698005698
26,11609,359033481,"Wow, could have written a blog post xD",friendly_joke,civil,civil,Franz Silva,0,38,0.1323529411764706,0.23076923076923078,1.0,0.348,0,0.45014245014245013,0.5498575498575499,0.5527065527065527,0.4472934472934473
27,11609,392184648,"The point being, we haven't made any decisions yet, and are very open to learning what needs to be done based on all these discussions and experiments.",humility,civil,uncivil,Ian Hickson,0,151,0.45588235294117646,0.7380952380952381,1.0,0.256,0,0.8091168091168092,0.1908831908831909,0.19373219373219372,0.8091168091168092
28,11609,409405998,"That I appreciate and I read all your 'long writings', answering everything: no way, but when I answer properly you don't understand my answer and concludes that I am being dismissive.",dissatisfaction,civil,uncivil,Carlos Bazzarella,0,184,0.5441176470588235,0.7872340425531915,0.11538461538461539,0.012,0,1.0,0.0,0.002849002849002849,1.0
29,11609,409419413,"And if, by chance, he was being sincere, then I apologize for my snideness",sincere_apologies,civil,uncivil,None,0,74,0.25,0.25,0.0625,0.76,0,1.0,0.0,0.002849002849002849,1.0
30,1200,222857224,We are very interested to better understand your scenarios where WCF server side functionality is required.,considerateness,civil,civil,Erica M,0,107,0.2698412698412698,0.6296296296296297,0.6666666666666666,0.7153846153846154,0,0.010101010101010102,0.9882154882154882,0.98989898989899,0.011784511784511785
31,1200,224917160,I have dreamed for years of having WCF across their entire network so that I can finally (!) have reliable transactions and durable services spanning their various generations of Linux and Windows.,expectation,civil,civil,None,0,197,0.5555555555555556,1.0,0.4444444444444444,0.24615384615384617,0,0.025252525252525252,0.9747474747474747,0.9764309764309764,0.026936026936026935
32,1200,224975840,"Having WCF on .Net core is not only desirable, it is essential.",expectation,civil,civil,Eric Scherrer,0,63,0.2222222222222222,0.56,0.16666666666666666,0.06923076923076923,0,0.025252525252525252,0.9747474747474747,0.9764309764309764,0.026936026936026935
33,1200,224983284,"We have a strong need to run .NET/WCF on Linux, so please add this to the road map!",expectation,civil,civil,Holt Hopkins,0,83,0.31746031746031744,0.6060606060606061,0.2,0.8846153846153846,0,0.025252525252525252,0.9747474747474747,0.9764309764309764,0.026936026936026935
34,1200,233673845,"Stop invest in dead technologies such as WCF and VB.NET, spending tremendous amounts of resources to nowhere, instead of spending for something good.",commanding,civil,civil,Alexander Batishchev,0,149,0.4126984126984127,1.0,0.75,0.47692307692307695,0,0.09259259259259259,0.9074074074074074,0.9090909090909091,0.09427609427609428
35,1200,270920940,Without WCF we will either have to abandon a lot of the plans or suffer a decrease in productivity.  :-(,sadness,civil,civil,Allen Byron Penner,0,104,0.36507936507936506,0.8518518518518519,0.8333333333333334,0.038461538461538464,0,0.38047138047138046,0.6195286195286195,0.6212121212121212,0.38215488215488214
36,1200,272108196,It's possible you misunderstood the comment.,considerateness,civil,civil,Scott Hurlbert,0,44,0.12698412698412698,0.22857142857142856,0.14285714285714285,0.49230769230769234,0,0.3888888888888889,0.6094276094276094,0.6111111111111112,0.39057239057239057
37,1200,272424908,"Do I like being productive, absolutely. That means, never using WCF.",dissatisfaction,civil,uncivil,Phillip Haydon,0,68,0.23809523809523808,1.0,0.3333333333333333,0.046153846153846156,0,0.39225589225589225,0.6077441077441077,0.6094276094276094,0.3939393939393939
38,12740,751273086,"The code has been already updated, but `7.19.0` did not include this. :(",sadness,civil,civil,None,0,72,1.0,1.0,0.25,0.25,0,0.0,1.0,1.0263157894736843,0.0
39,134,438367830,it seems you're a little too caffeinated here :,friendly_joke,civil,civil,Fahrzin Hemmati,0,47,0.2127659574468085,0.2127659574468085,1.0,1.0,0,0.0,0.0,0.0,0.0
40,1367,571852302,Mike you are a valued JIT contributor,considerateness,civil,civil,Brian Sullivan,0,37,0.12727272727272726,0.3333333333333333,0.3333333333333333,0.8133333333333334,0,0.0,0.9722222222222222,1.0,0.027777777777777776
41,1367,571852302,I didn't really think about it too much.,humility,civil,civil,Brian Sullivan,0,40,0.18181818181818182,0.47619047619047616,0.6666666666666666,0.8266666666666667,0,0.0,0.9722222222222222,1.0,0.027777777777777776
42,1367,571852302,I didn't really think about it too much.  I was just trying to keep things peaceful here.,sadness,civil,civil,Brian Sullivan,0,89,0.36363636363636365,0.9523809523809523,0.6666666666666666,0.8266666666666667,0,0.0,0.9722222222222222,1.0,0.027777777777777776
43,1367,584806667,I honestly believe that his harsh remarks were not intentional.,considerateness,civil,civil,Gert Driesen,0,63,0.2,0.39285714285714285,0.4,0.30666666666666664,0,0.9722222222222222,0.027777777777777776,0.05555555555555555,0.9722222222222222
44,1367,584806667,It would be a great loss for the .NET community if you'd stop contributing.,sadness,civil,civil,Gert Driesen,0,75,0.2909090909090909,0.5714285714285714,0.8,0.36,0,0.9722222222222222,0.027777777777777776,0.05555555555555555,0.9722222222222222
45,1367,584806667,"If you consider my comment to be negative, just tell me and I'll happily remove it.",humility,civil,civil,Gert Driesen,0,83,0.34545454545454546,0.6785714285714286,1.0,0.38666666666666666,0,0.9722222222222222,0.027777777777777776,0.05555555555555555,0.9722222222222222
46,1367,584901186,"I did not contribute to get praise, I only contributed for the fun of it. And it stops being fun if I have to deal with nonsense.",dissatisfaction,civil,uncivil,None,0,129,0.5454545454545454,0.9375,0.6666666666666666,0.7733333333333333,0,0.9722222222222222,0.0,0.027777777777777776,1.0
47,1367,584966494,I can very much relate to that.,considerateness,civil,civil,Immo Landwerth,0,31,0.14545454545454545,0.2222222222222222,0.5,0.5866666666666667,0,0.9722222222222222,0.0,0.027777777777777776,1.0
48,1367,584966494,But we need to be careful that we don't use valuable contributions as a currency to offset disrespectful behavior.,considerateness,civil,civil,Immo Landwerth,0,114,0.38181818181818183,0.5833333333333334,0.15,0.49333333333333335,0,0.9722222222222222,0.0,0.027777777777777776,1.0
49,1367,585381474,Let's just say that it is distasteful.,dissatisfaction,civil,uncivil,None,0,38,0.16363636363636364,0.375,0.8461538461538461,0.14666666666666667,0,1.0,0.0,0.027777777777777776,1.0
50,13762,441807521,I honestly don't follow any more,sadness,civil,civil,Jan Piotrowski,0,32,0.10606060606060606,0.14893617021276595,0.8,0.0975609756097561,0,0.025,0.95,0.975,0.05
51,13762,441838381,"Sorry to hear that, but what is causing here an issue for you?",considerateness,civil,uncivil,Skoti,0,62,0.22727272727272727,0.22727272727272727,0.6470588235294118,0.3902439024390244,0,0.025,0.95,0.975,0.05
52,13762,441838381,It supposed to be a discussion so you can ask questions too.,friendly_joke,civil,uncivil,Skoti,0,60,0.19696969696969696,0.19696969696969696,0.7058823529411765,0.4146341463414634,0,0.025,0.95,0.975,0.05
53,13762,442072356,"Then I quickly deleted it, as I recognized that it was not a helpful reaction and wouldn't help advance the conversation.",humility,civil,uncivil,Jan Piotrowski,0,121,0.36363636363636365,1.0,0.3333333333333333,0.5853658536585366,0,0.025,0.95,0.975,0.05
54,13762,442080707,So excuse me if this is how you felt.,sincere_apologies,civil,uncivil,Skoti,0,37,0.15151515151515152,0.3333333333333333,0.2857142857142857,0.7317073170731707,0,0.025,0.95,0.975,0.05
55,13762,442080707,"Seriously, have I done something to you?",sadness,civil,uncivil,Skoti,0,40,0.13636363636363635,0.3,1.0,0.8536585365853658,0,0.025,0.95,0.975,0.05
56,1381,524570762,I encourage everyone to report this package to npm as its breaking their rules and harmful for npm ecosystem and its attacking users computer.,dissatisfaction,civil,civil,Esref Durna,0,142,0.36764705882352944,1.0,0.3333333333333333,0.4603174603174603,0,0.26666666666666666,0.6666666666666666,0.7333333333333333,0.26666666666666666
57,1381,524571988,Report it to npm,commanding,civil,civil,Esref Durna,0,16,0.058823529411764705,0.26666666666666666,1.0,0.36507936507936506,0,0.26666666666666666,0.6666666666666666,0.7333333333333333,0.26666666666666666
58,1381,524573808,Stop taking money for something that should be free and open.,commanding,civil,uncivil,Sam Cross,0,61,0.17647058823529413,0.46153846153846156,1.0,0.1111111111111111,0,0.26666666666666666,0.6666666666666666,0.7333333333333333,0.26666666666666666
59,1381,524575696,"I hope that there is a more reasonable way of asking for funding since this practice will encourage many other projects to do the same and it would be unfortunate for our terminal output logs to look like nascar advertisements after everyone starts doing the same thing, which starts looking like the [tragedy of the commons](https://en.wikipedia.org/wiki/Tragedy_of_the_commons).",expectation,civil,civil,Miguel Mota,0,380,0.9558823529411765,0.9558823529411765,1.0,0.5714285714285714,0,0.26666666666666666,0.6666666666666666,0.7333333333333333,0.3333333333333333
60,1381,524576048,It is sad that so many with such strong opinions have no contributions in the last year outside of this issue.,sadness,civil,uncivil,Mark Chandler,0,110,0.3235294117647059,0.6875,0.8,0.5396825396825397,0,0.26666666666666666,0.6666666666666666,0.7333333333333333,0.3333333333333333
61,1381,524576549,"I don't want to have to view advertisements in my CI logs, and I hate what this would mean if other packages started doing this.",dissatisfaction,civil,civil,Robert Hafner,0,128,0.4117647058823529,1.0,0.5,0.42857142857142855,0,0.26666666666666666,0.6666666666666666,0.7333333333333333,0.3333333333333333
62,1381,524577635,"I didn't mean to suggest that anyone disagreeing was acting as part of a mob. It was meant to apply specifically to those people treating a github issue like it's a place for trolling, nasty comments, etc. My apologies if it came off that way.",sincere_apologies,civil,civil,Mark Chandler,0,243,0.7647058823529411,1.0,0.3333333333333333,0.31746031746031744,0,0.26666666666666666,0.6666666666666666,0.7333333333333333,0.3333333333333333
63,14116,461716277,Just be decent and follow the community's rules.,commanding,civil,uncivil,Jules Sam. Randolph,0,48,0.16666666666666666,0.3125,0.08333333333333333,0.06818181818181818,0,0.5819209039548022,0.4180790960451977,0.4188861985472155,0.58272800645682
64,14116,656541081,"If you are going to rant, go to twitter.",commanding,civil,civil,Anıl Anar,0,40,0.18333333333333332,0.55,1.0,0.6136363636363636,0,1.0,0.0,0.0008071025020177562,1.0008071025020178
65,143,143,Hopefully someone more well versed in this domain can help figure out what is going on.,expectation,civil,civil,,1,87,0.34,0.9444444444444444,1.0,0.9230769230769231,0,0.0,0.0,0.0,0.0
66,1458,570655420,"In the end, would be nice if these errors were caught and the users were notified of the GUI of what actions might be needed.",expectation,civil,civil,Kris,0,125,0.5510204081632653,0.5510204081632653,1.0,1.0,0,0.31958762886597936,0.6701030927835051,0.6804123711340206,0.32989690721649484
67,148,470501903,Let's all be respectful.,commanding,civil,civil,Eugene Yaremenko,0,24,0.3157894736842105,0.46153846153846156,1.0,0.21428571428571427,0,0.0,0.0,0.0,0.0
68,148,470556735,Take your foul mouthed trolling to Twitter.,commanding,civil,uncivil,Jim Kopps,0,43,0.42105263157894735,0.6666666666666666,0.125,0.4642857142857143,0,0.0,0.0,0.0,0.0
69,148,470556735,Find one that you are satisfied with and use it.,commanding,civil,uncivil,Jim Kopps,0,48,0.5789473684210527,0.9166666666666666,0.5,0.5714285714285714,0,0.0,0.0,0.0,0.0
70,148,470556735,Grow up and move along.,commanding,civil,uncivil,Jim Kopps,0,23,0.3157894736842105,0.5,1.0,0.7142857142857143,0,0.0,0.0,0.0,0.0
71,1511,663869330,I hate that these things never actually get fixed or resolved,dissatisfaction,civil,uncivil,Steve Wolf,0,61,0.9166666666666666,0.9166666666666666,0.5,0.5,0,1.0,0.0,0.0,0.0
72,15227,660236919,"We're having a real problem with this because ESLint ignores the .eslintrc.json file (due to some other bug in ESLint), and it breaks the build.",dissatisfaction,civil,uncivil,Jason Tiscione,0,144,0.6521739130434783,0.7692307692307693,0.7777777777777778,0.4583333333333333,0,0.997907949790795,0.0,0.0020920502092050207,1.0
73,15227,660258018,I understand you're upset and this rule is causing problems for you.,considerateness,civil,uncivil,CJ Cenizal,0,68,0.30434782608695654,0.30434782608695654,0.14285714285714285,0.041666666666666664,0,1.0,0.0,0.0020920502092050207,1.002092050209205
74,15227,660258018,I've found that it helps to clearly describe the problem I'm encountering and propose some solutions or ask questions to understand the problem space better.,considerateness,civil,uncivil,CJ Cenizal,0,157,0.6086956521739131,0.6086956521739131,0.8571428571428571,0.25,0,1.0,0.0,0.0020920502092050207,1.002092050209205
75,15227,660289611,I empathize with your frustration,considerateness,civil,civil,Dan Abramov,0,33,0.10869565217391304,0.20833333333333334,0.2857142857142857,0.2916666666666667,0,1.0,0.0,0.0,1.002092050209205
76,16029,360228242,Life is too short,friendly_joke,civil,uncivil,Erik,0,17,0.06060606060606061,0.08,1.0,1.0,0,0.0,0.0,0.0,0.0
77,1616,1616,"And the worst part is that I feel helpless to improve the situation. I vote, I campaign, I phone bank, I donate, I protest, I write to officials, I try to inform others... and yet things just keep getting worse and worse.",dissatisfaction,civil,uncivil,,1,221,0.5204081632653061,0.5204081632653061,0.2571428571428571,0.19148936170212766,0,0.0,0.0,0.0,0.0
78,1616,416813739,Adding your political beliefs to your licensing is petty. The irony is that this very project is hosted on a resource owned by Microsoft...,dissatisfaction,civil,civil,TJ Downes,0,139,0.2653061224489796,0.9285714285714286,0.75,0.8297872340425532,0,0.0,0.0,0.0,0.0
79,16168,516156769,I'm not as familiar with the react code base (clearly from my comments) but if there's anything you need help on to get this going let me know,humility,civil,civil,Sarah Sunday,0,142,0.7804878048780488,0.7804878048780488,1.0,0.8,0,0.07272727272727272,0.9272727272727272,0.9363636363636364,0.06363636363636363
80,16168,516160873,They haven't commented on any of the related issues and they've been open for months.,sadness,civil,civil,None,0,85,0.43902439024390244,0.5625,0.5,0.6,0,0.07272727272727272,0.9272727272727272,0.9363636363636364,0.06363636363636363
81,16168,518135153,"@_ing from the react team to get some on this? Seems to be quite a lot of interest, but not a single issue on this topic has received a comment from a maintainer in 5 months.",dissatisfaction,civil,uncivil,None,0,174,0.975609756097561,1.0,0.5,0.15,0,0.12727272727272726,0.8636363636363636,0.8727272727272727,0.11818181818181818
82,16168,518276471,"Just wanted to chime in and say I strongly feel the same way - it would be at least good to get a hey we won't be considering this"".""",dissatisfaction,civil,civil,Joon Park,0,133,0.8048780487804879,1.0,1.0,0.3,0,0.13636363636363635,0.8636363636363636,0.8727272727272727,0.12727272727272726
83,1628,417057188,I know this wasn't your intention,considerateness,civil,uncivil,Charles Pick,0,33,0.14893617021276595,0.14893617021276595,1.0,0.35294117647058826,0,0.0,0.0,0.0,0.0
84,17379,433659194,I'm really feeling stupid for not being able to figure this one out :(,sadness,civil,civil,Bartlomiej Przymus,0,70,0.5161290322580645,1.0,1.0,0.0625,0,0.3,0.6979591836734694,0.7,0.2979591836734694
85,17452,17452,"Though I am confident that my analysis is decent enough, much of the code I was referencing was unfamiliar/new to me.",humility,civil,civil,,1,117,0.21904761904761905,0.21904761904761905,0.379746835443038,0.2719298245614035,0,0.0,0.0,0.0,0.0
86,17452,457962127,"I'm not experienced that, but I'll use it for a while to see what happens.",humility,civil,civil,Nelson Martell,0,74,0.18095238095238095,0.7916666666666666,0.25,0.7192982456140351,0,0.7053571428571429,0.29464285714285715,0.2976190476190476,0.7083333333333334
87,17452,472502936,"If I'm misunderstanding what is being requested here, please let me know.",humility,civil,civil,Lee Dohm,0,73,0.14285714285714285,0.42857142857142855,1.0,0.9035087719298246,0,0.8363095238095238,0.16071428571428573,0.1636904761904762,0.8392857142857143
88,1818,665669513,"And this whole text could be avoided if you guys simple had said:  yeah that was a bad idea, i will try to put your suggestion in a next changelog or add some tool to convert json/xml then json/plist and any other technology RC lays on""""",dissatisfaction,civil,uncivil,Bolds,0,237,1.0,1.0,1.0,1.0,0,1.0,0.0,0.2,0.4
89,1837,509329187,It would be nice to have shift+insert or Ctrl+shift+insert to have a linux like feeling or ctrl+shift+c and ctrl+shift+v like powershell does,expectation,civil,civil,AndrésR.,0,141,0.4,1.0,1.0,0.7777777777777778,0,0.09375,0.90625,0.9375,0.09375
90,1837,509864230,I apologise if I've misread any of the code.,sincere_apologies,civil,civil,Anthony Truskinger,0,44,0.2,0.25,0.6666666666666666,0.8611111111111112,0,0.125,0.84375,0.875,0.125
91,1837,518766163,feel free to point out what I said that was even remotely an attack on *anyone* or an assumption of motivations?,humility,civil,uncivil,Lars Panzerbjørn,0,112,0.43636363636363634,0.96,0.6666666666666666,0.8055555555555556,0,1.0,0.0,0.03125,1.0
92,1837,518803934,"I shouldn't have even posted the above, but I couldn't resist throwing my two cents in - sorry!",humility,civil,uncivil,None,0,95,0.4,0.4,1.0,0.3888888888888889,0,1.0,0.0,0.0,1.0
93,19102,641251682,"I worry about the racial discrimination have happened in US from long time ago to recent as a human being, while I also insist to regard `blacklist, whitelist, blackbox testing, whitebox testing, master, slave, etc` to be neutral nouns in `IT area` as a software engineer.",considerateness,civil,uncivil,pingfengafei,0,272,0.90625,0.90625,0.14285714285714285,0.1111111111111111,0,0.0,1.0,1.3333333333333333,0.3333333333333333
94,19102,641251682,"Indeed, that shows my attitude about racial discrimination and mercy about people who suffer from brutality all around the world.",considerateness,civil,uncivil,pingfengafei,0,129,0.34375,0.34375,0.7142857142857143,0.5555555555555556,0,0.0,1.0,1.3333333333333333,0.3333333333333333
95,19102,642359660,"Don't let word game anesthetize us, If everyone pays attention, discrimination will slowly disappear, but if we pretend that it has disappeared now, it may exist forever, The more one tries to hide, the more one is exposed.",commanding,civil,civil,Tian hao,0,223,0.71875,1.0,1.0,1.0,0,0.3333333333333333,0.3333333333333333,0.6666666666666666,0.6666666666666666
96,19602,417875273,"Whatever your strategic decision for Godot is, it's totally legit. I'm here only to defend bgfx from false statements.",humility,civil,uncivil,Бранимир Караџић,0,118,0.4444444444444444,0.6486486486486487,0.13043478260869565,0.5918367346938775,0,0.30278884462151395,0.6932270916334662,0.6972111553784861,0.30677290836653387
97,20182,558880329,"Imploring maintainers of an open source software is not going to yield the best results, I think.",oppression,civil,uncivil,ryanisnan,0,97,0.296875,1.0,0.6,0.5,0,0.0,0.0,0.0,0.0
98,20268,135974641,Don't forget about those instagals! :dancer:,friendly_joke,civil,civil,Deleted user,0,44,0.7142857142857143,1.0,0.5,0.6666666666666666,0,0.0,0.0,0.0,0.0
99,21580,401186508,stop trying to read the motivations of someone you don't know.,commanding,civil,uncivil,Ben Noordhuis,0,62,0.48148148148148145,0.8666666666666667,0.75,0.9333333333333333,0,0.0,0.0,0.0,0.0
100,21853,592961430,"I'm happy to keep the discussion going, so don't take this as a negative sign.",considerateness,civil,civil,Blaine Kasten,0,78,0.3584905660377358,0.6129032258064516,0.75,0.25,0,0.0,1.0,1.0769230769230769,0.0
101,21853,592961430,"Follow the steps and put this script tag in the head tag. I'm not sure what else Yandex needs, but this is generally how google adsense works.",commanding,civil,civil,Blaine Kasten,0,142,0.5849056603773585,1.0,0.375,0.125,0,0.0,1.0,1.0769230769230769,0.0
102,21853,598823908,we want to also be kind in how we request help from the core maintainers of Gatsby.,expectation,civil,civil,Dustin Schau,0,83,0.33962264150943394,0.33962264150943394,1.0,1.0,0,1.0,0.0,0.07692307692307693,1.0
103,22,176925038,"Try to push the cause in Seattle ,)",friendly_joke,civil,civil,None,0,35,0.3103448275862069,1.0,1.0,1.0,0,0.06721991701244813,0.9327800829875519,0.9336099585062241,0.06804979253112033
104,22,298019161,there is a lot of politics behind all these huge software/hardware infrastructures... :-(,sadness,civil,civil,Ronan Keryell,0,89,0.5517241379310345,0.5517241379310345,0.14285714285714285,0.72,0,0.44398340248962653,0.5551867219917013,0.5560165975103735,0.44481327800829873
105,22,299087682,"By soon"", do you mean before ______? ( _insert funny sarcasm here_ ).""",friendly_joke,civil,civil,None,0,70,0.6206896551724138,0.0,0.42857142857142855,0.28,0,0.44896265560165977,0.5502074688796681,0.5510373443983403,0.44979253112033196
106,22,302132597,"I do hope they are working on a hip backend, not a full fork. That would be sad and only split the working effort.",expectation,civil,civil,Yvan da Silva,0,114,0.9310344827586207,1.0,0.3333333333333333,0.04,0,0.4597510373443983,0.5394190871369294,0.5402489626556016,0.4605809128630705
107,22,302350219,"Sorry if the above came out sounding rude, just trying to clarify my position above!",sincere_apologies,civil,civil,Cathal Garvey,0,84,0.5862068965517241,0.5862068965517241,1.0,0.52,0,0.4605809128630705,0.5385892116182572,0.5394190871369294,0.46141078838174276
108,22,303016535,This is not Twitter or your Facebook wall... :-),friendly_joke,civil,civil,Ronan Keryell,0,48,0.41379310344827586,0.5714285714285714,0.6,0.64,0,0.46390041493775935,0.5352697095435685,0.5360995850622406,0.46473029045643155
109,22,315791378,I'm very sad about the abandon of GPU support for macOS.,sadness,civil,civil,Pierre-Luc Delisle,0,56,0.4482758620689655,0.5416666666666666,0.25,0.12,0,0.5103734439834025,0.4887966804979253,0.4896265560165975,0.5112033195020746
110,22,315791378,Using GPU acceleration locally on my MacBook Pro or future iMac Pro would be awesome.,expectation,civil,civil,Pierre-Luc Delisle,0,85,0.5517241379310345,0.6666666666666666,1.0,0.24,0,0.5103734439834025,0.4887966804979253,0.4896265560165975,0.5112033195020746
111,22196,288321383,"(yeah, the syntax looks like some sort of incantations or something ,-))",friendly_joke,civil,civil,Michel Selerin,0,72,0.3333333333333333,0.4594594594594595,0.8571428571428571,0.65,0,0.012953367875647668,0.9844559585492227,0.9870466321243523,0.015544041450777202
112,22196,299714528,"Sorry, nevermind. I made a mess out of it :D. My config was not in order,",sincere_apologies,civil,civil,Benny Bottema,0,73,0.39215686274509803,1.0,0.3333333333333333,0.825,0,0.13471502590673576,0.8626943005181347,0.8652849740932642,0.13730569948186527
113,22196,375061317,I'm not a Webpack guru myself,humility,civil,civil,Petr Pacas,0,29,0.13725490196078433,0.21212121212121213,0.3333333333333333,0.4,0,0.9585492227979274,0.038860103626943004,0.04145077720207254,0.961139896373057
114,22196,379213168,"So many different solutions, so many different workable options, yet none of them helped me in the past 3 hours getting bootstrap up and running...",dissatisfaction,civil,uncivil,Ruud,0,147,0.5490196078431373,1.0,0.2,0.7,0,1.0,0.0,0.0025906735751295338,1.0
115,22553,541413577,stop wasting our time.,commanding,civil,uncivil,Gilles Roudière,0,22,0.12195121951219512,0.0,0.8,0.9705882352941176,0,1.0,0.0,0.002652519893899204,1.0026525198938991
116,22859,22859,This is the worst framework i have ever seen.,dissatisfaction,civil,civil,,1,45,0.30303030303030304,1.0,1.0,0.6,0,0.0,0.0,0.0,0.0
117,22859,374154097,"I have real project with Angular, and the only thing i get while developing - is the hurting. Tons of hurt i get.",sadness,civil,civil,Valik Gubenko,0,113,0.7878787878787878,1.0,0.3333333333333333,0.06666666666666667,0,0.0,0.0,0.0,0.0
118,22859,374154851,when you deal with real big scale project - the hurt is the only thing you get.,sadness,civil,civil,Valik Gubenko,0,79,0.5454545454545454,0.8571428571428571,1.0,0.3333333333333333,0,0.0,0.0,0.0,0.0
119,22861,428200304,Go home,commanding,civil,uncivil,Deleted user,0,7,0.09523809523809523,0.14285714285714285,1.0,0.75,0,0.0,0.0,0.0,0.0
120,2305,544730684,Let's not make the person who runs a massive open source project almost by himself job harder than it needs to be,considerateness,civil,uncivil,Michael Lavina,0,113,0.40350877192982454,0.9583333333333334,1.0,0.9459459459459459,0,0.36363636363636365,0.6363636363636364,0.7272727272727273,0.36363636363636365
121,23337,380814894,"I read you... I am a Software Engineer, I am that senior level guy you speak of... I have cried out Angular pains in the past.",considerateness,civil,uncivil,Acker Dawn Apple,0,126,0.5882352941176471,0.5882352941176471,0.047619047619047616,0.23529411764705882,0,0.0,1.0,1.25,0.0
122,23337,380814894,"So, sorry I don't have small debate points and I don't blame you for having your point of view.",sincere_apologies,civil,uncivil,Acker Dawn Apple,0,95,0.45098039215686275,0.45098039215686275,0.5238095238095238,0.43137254901960786,0,0.0,1.0,1.25,0.0
123,23337,380821365,"I feel your points. They burn us, too.",considerateness,civil,civil,Alexander von Weiss,0,38,0.21568627450980393,0.3235294117647059,0.08333333333333333,0.0196078431372549,0,0.0,1.0,1.25,0.0
124,23337,380821365,My hope is that the team gets back to productive boosting features as soon as the dirty plumbing is done. And no need for another major rewrite (Router4?),expectation,civil,civil,Alexander von Weiss,0,154,0.6274509803921569,0.9411764705882353,0.8333333333333334,0.19607843137254902,0,0.0,1.0,1.25,0.0
125,23337,380870898,I hope in the future Angular will become even better and easier to understand.,expectation,civil,civil,Max Ivanov,0,78,0.29411764705882354,0.7894736842105263,0.6666666666666666,0.9019607843137255,0,0.0,0.75,1.0,0.25
126,23337,381637584,I will step away and unfollow understanding how my mouth often gets me in trouble.,oppression,civil,civil,Acker Dawn Apple,0,82,0.3137254901960784,1.0,0.75,0.9803921568627451,0,1.0,0.0,0.25,1.25
127,23816,359646248,"make sure that even if using `vh`/`vw` etc, that there's a component for font sizing tied to something else like `px`/`rem`/`em`.",commanding,civil,civil,Patrick H. Lauke,0,129,0.5555555555555556,0.5555555555555556,0.5,0.6875,0,0.2675521821631879,0.7324478178368121,0.7343453510436433,0.04933586337760911
128,23914,776146107,I am really sorry if I break any rules.,sincere_apologies,civil,uncivil,Kirill,0,39,0.19230769230769232,0.3125,0.08333333333333333,0.3548387096774194,0,0.6818181818181818,0.3181818181818182,0.36363636363636365,0.6818181818181818
129,23914,776146107,I'm struggling about passive reaction of Flutter team.,dissatisfaction,civil,uncivil,Kirill,0,54,0.19230769230769232,0.3125,0.16666666666666666,0.3709677419354839,0,0.6818181818181818,0.3181818181818182,0.36363636363636365,0.6818181818181818
130,23914,776192297,"feel misled because everything I first saw on homepage etc, promised 60 FPS and native performance. I think its bordering on unethical to not make this problem clearly known to new developers.",dissatisfaction,civil,uncivil,Ali Akhtar,0,192,0.6730769230769231,1.0,0.45454545454545453,0.06451612903225806,0,0.6818181818181818,0.2727272727272727,0.3181818181818182,0.6818181818181818
131,23914,776197063,"I wish it was paid so we would not get the its free, whatever you get be happy response.",dissatisfaction,civil,civil,None,0,88,0.40384615384615385,0.84,0.9285714285714286,0.20967741935483872,0,0.6818181818181818,0.2727272727272727,0.3181818181818182,0.6818181818181818
132,23914,776197063,At least we would not get a 100 line code commit after 1 year on such a huge issue.,dissatisfaction,civil,civil,None,0,83,0.38461538461538464,0.8,1.0,0.22580645161290322,0,0.6818181818181818,0.2727272727272727,0.3181818181818182,0.6818181818181818
133,23914,779549626,So there's nothing concrete that's being done yet?,dissatisfaction,civil,uncivil,Ali Akhtar,0,50,0.21153846153846154,0.3235294117647059,0.25,0.7903225806451613,0,0.9545454545454546,0.0,0.045454545454545456,0.9545454545454546
134,24031,444022870,"Are there really users that like to keep tabs only on specific parts, like indent?",considerateness,civil,civil,None,0,82,0.1717171717171717,0.26153846153846155,0.5,0.44339622641509435,0,0.1930835734870317,0.8069164265129684,0.8078770413064361,0.15561959654178675
135,24031,619246053,I'd like to voice my displeasure towards two trends going on in Visual Studio editor since VS 2015,expectation,civil,civil,Igor Levicki,0,98,0.1919191919191919,0.3064516129032258,0.42857142857142855,0.20754716981132076,0,0.681075888568684,0.31892411143131605,0.31988472622478387,0.6426512968299711
136,24031,619246053,"Finally, I'd appreciate if there was some workaround for this spaces instead of tabs issue, it's driving me nuts.",expectation,civil,civil,Igor Levicki,0,113,0.24242424242424243,0.3870967741935484,1.0,0.24528301886792453,0,0.681075888568684,0.31892411143131605,0.31988472622478387,0.6426512968299711
137,24031,783777499,Shouldn't the above satisfy everyone involved?,considerateness,civil,uncivil,Igor Levicki,0,46,0.08080808080808081,0.36363636363636365,0.8333333333333334,0.08490566037735849,0,0.9731027857829011,0.026897214217098942,0.027857829010566763,0.9346781940441883
138,24031,784426458,"Maybe that is somehow my fault because English is not my primary language and what I wrote is hard to understand, but in all honesty I am not sure what are you arguing for (or against).",humility,civil,uncivil,Igor Levicki,0,185,0.40404040404040403,0.6060606060606061,0.6666666666666666,0.41037735849056606,0,0.9740634005763689,0.025936599423631124,0.026897214217098942,0.9356388088376562
139,24031,784426458,I am really surprised to hear that something like that cannot be done while still keeping all current options.,dissatisfaction,civil,uncivil,Igor Levicki,0,110,0.21212121212121213,0.3181818181818182,1.0,0.4339622641509434,0,0.9740634005763689,0.025936599423631124,0.026897214217098942,0.9356388088376562
140,24031,784436432,I'm happy to clarify any of my points.,considerateness,civil,civil,None,0,38,0.10101010101010101,0.3448275862068966,0.3333333333333333,0.25,0,0.9740634005763689,0.025936599423631124,0.026897214217098942,0.9356388088376562
141,24031,784436432,If you'd like another venue to discuss things (perhaps in realtime) I'm also happy to use gitter or discord to continue the discussion :),considerateness,civil,civil,None,0,137,0.29292929292929293,1.0,1.0,0.25943396226415094,0,0.9740634005763689,0.025936599423631124,0.026897214217098942,0.9356388088376562
142,24031,784573533,"it may be what you want, but it may be wrong for other users complaining about something similar.",considerateness,civil,civil,None,0,97,0.20202020202020202,0.8333333333333334,0.625,0.9858490566037735,0,0.9740634005763689,0.025936599423631124,0.026897214217098942,0.9356388088376562
143,24031,784575918,I certain see how it can be a bug.,considerateness,civil,civil,None,0,34,0.10101010101010101,0.3225806451612903,0.4,0.1650943396226415,0,0.9740634005763689,0.025936599423631124,0.026897214217098942,0.9356388088376562
144,24031,784576877,"Unfortunately though, we've now had this new system a long time, and we are wary about subjecting people to more potential changes in behavior, esp. as it might fix this issue, only to cause problems for others :-/",sadness,civil,civil,None,0,214,0.45454545454545453,1.0,0.8,0.6981132075471698,0,0.9740634005763689,0.025936599423631124,0.026897214217098942,0.9356388088376562
145,24031,784578402,"I don't disagree with that, but there seems to be great resistance to even acknowlege that the behaviour has changed at some point, and that it doesn't seem correct, from a users point of view, that selecting **Always keep TABs** means **Always keep TABs except sometimes they will be changed to spaces**",dissatisfaction,civil,civil,None,0,304,0.6666666666666666,0.0,0.6,0.7358490566037735,0,0.9740634005763689,0.025936599423631124,0.026897214217098942,0.9356388088376562
146,24031,784578402,"I don't disagree with that,",considerateness,civil,civil,None,0,27,0.0707070707070707,0.0,0.4,0.28773584905660377,0,0.9740634005763689,0.025936599423631124,0.026897214217098942,0.9356388088376562
147,24031,784964380,"If i've missed any points, i apologize.",sincere_apologies,civil,civil,None,0,39,0.10101010101010101,0.18181818181818182,0.05,0.27358490566037735,0,0.9740634005763689,0.025936599423631124,0.026897214217098942,0.9365994236311239
148,24031,784964380,"There's a lot being discussed here, and i likely missed it.",humility,civil,civil,None,0,59,0.1414141414141414,0.2545454545454545,0.1,0.2783018867924528,0,0.9740634005763689,0.025936599423631124,0.026897214217098942,0.9365994236311239
149,24031,784964380,I totally get that that can be frustrating.,considerateness,civil,civil,None,0,43,0.09090909090909091,0.16363636363636364,0.45,0.3113207547169811,0,0.9740634005763689,0.025936599423631124,0.026897214217098942,0.9365994236311239
150,24031,784964380,"A group of people (that you are not a part of) is having their needs met, while yours are not.",considerateness,civil,civil,None,0,94,0.24242424242424243,0.43636363636363634,0.5,0.3160377358490566,0,0.9740634005763689,0.025936599423631124,0.026897214217098942,0.9365994236311239
151,24031,784964380,"However, this really is a space where potential changes risk very bad outcomes for many groups.",considerateness,civil,civil,None,0,95,0.18181818181818182,0.32727272727272727,0.55,0.32075471698113206,0,0.9740634005763689,0.025936599423631124,0.026897214217098942,0.9365994236311239
152,24031,784964380,"Again, I'm happy to help clarify any of my statements, or address any points i may have missed.",humility,civil,civil,None,0,95,0.2222222222222222,0.4,0.75,0.33962264150943394,0,0.9740634005763689,0.025936599423631124,0.026897214217098942,0.9365994236311239
153,24031,797574414,I apologize for being rude,sincere_apologies,civil,civil,Igor Levicki,0,26,0.050505050505050504,0.11627906976744186,0.7857142857142857,0.4669811320754717,0,0.989433237271854,0.010566762728146013,0.011527377521613832,0.951969260326609
154,24031,801529596,"At this point I am discouraged to report more because nothing ever seems to get fixed (usually because it's complicated"").""",dissatisfaction,civil,uncivil,Igor Levicki,0,123,0.26262626262626265,1.0,1.0,0.7877358490566038,0,0.9951969260326609,0.004803073967339097,0.005763688760806916,0.9567723342939481
155,24031,805097729,"I hope you prove me wrong and actually fix this issue, but I won't be holding my breath.",dissatisfaction,civil,uncivil,Igor Levicki,0,88,0.21212121212121213,0.21212121212121213,1.0,0.6792452830188679,0,1.0,0.0,0.0009606147934678194,0.962536023054755
156,24031,805097729,I apologize in advance for the offtopic,sincere_apologies,civil,uncivil,Igor Levicki,0,39,0.0707070707070707,0.0707070707070707,0.20833333333333334,0.589622641509434,0,1.0,0.0,0.0009606147934678194,0.962536023054755
157,24031,805103797,"It is, lets say, disappointing that it sounds like Microsoft can't maintain it's code because it is too complex.",dissatisfaction,civil,uncivil,None,0,112,0.24242424242424243,0.5714285714285714,0.9,0.5188679245283019,0,1.0,0.0,0.0009606147934678194,0.962536023054755
158,24031,805103797,"If you just told me that this shouldn't be addressed because I was a nobody and my opinion wasn't important, I'd be annoyed, certainly, but overall less concerned.",dissatisfaction,civil,uncivil,None,0,163,0.35353535353535354,0.8333333333333334,1.0,0.5235849056603774,0,1.0,0.0,0.0009606147934678194,0.962536023054755
159,24294,394612719,change the example,commanding,civil,civil,Max Ivanov,0,18,0.08823529411764706,0.3,1.0,1.0,0,0.0,0.0,1.0,1.0
160,2529,2529,give keybox to me now,commanding,civil,uncivil,,1,21,0.11904761904761904,0.13157894736842105,0.782608695652174,0.6216216216216216,0,0.0,0.0,0.0,0.0
161,26489,702295386,"roll your own, pick another technology, or pay the bill.",commanding,civil,uncivil,Aaron Stannard,0,56,0.24528301886792453,0.3333333333333333,0.6666666666666666,0.38,0,0.0,1.0,1.5,0.5
162,26489,703089759,This makes it harder for newcomers to learn aspnet core without the support from the community or microsoft officially,sadness,civil,civil,Robert William,0,118,0.3584905660377358,0.9047619047619048,0.75,0.52,0,0.5,0.5,1.0,1.0
163,26489,703140339,"If you want to give us feedback on the pricing and explain your situation, this is not the right place to do that.",considerateness,civil,civil,Dominick Baier,0,114,0.4716981132075472,1.0,0.5,0.14,0,1.0,0.0,0.5,1.5
164,26489,703168330,I completely get that the IS devs neeed more money and want to be paid.,considerateness,civil,uncivil,None,0,71,0.3018867924528302,0.48484848484848486,0.36363636363636365,0.66,0,1.0,0.0,0.5,1.5
165,26489,703220162,I'm disappointed that such a basic functionality now requires lots of unplanned work and time.,sadness,civil,civil,None,0,94,0.32075471698113206,0.0,0.2727272727272727,0.64,0,1.0,0.0,0.5,1.5
166,27445,372105535,That's really sad.,sadness,civil,uncivil,Marius Räsener,0,18,0.12195121951219512,0.12195121951219512,0.08333333333333333,0.08333333333333333,0,0.5925925925925926,0.4062850729517396,0.4074074074074074,0.5723905723905723
167,27445,372105535,I'm not the guy who can actually judge what you're doing and why,humility,civil,uncivil,Marius Räsener,0,64,0.36585365853658536,0.36585365853658536,0.6666666666666666,0.6666666666666666,0,0.5925925925925926,0.4062850729517396,0.4074074074074074,0.5723905723905723
168,27445,372105535,"somehow like the whole OpenSource-Idea, no? ,)",friendly_joke,civil,uncivil,Marius Räsener,0,46,0.24390243902439024,0.24390243902439024,0.3333333333333333,0.3333333333333333,0,0.5925925925925926,0.4062850729517396,0.4074074074074074,0.5723905723905723
169,279,554512562,"One must learn to pick his fights, so to speak. :)",friendly_joke,civil,civil,Artem Vorotnikov,0,50,0.4117647058823529,0.4666666666666667,0.8,0.2631578947368421,0,0.0,0.0,0.0,0.0
170,279,554589930,I'm sorry for any distress this experience has caused you.,sincere_apologies,civil,civil,Tim,0,58,0.35294117647058826,0.6666666666666666,1.0,0.05263157894736842,0,0.0,0.0,0.0,0.0
171,28688,486947877,"This feature should not be default, this should remain optional until all supported browsers handle it.",expectation,civil,civil,Félix BOROT,0,103,1.0,1.0,0.5,0.5,0,0.0,0.6666666666666666,1.0,0.3333333333333333
172,29205,471323370,please correct me if my assumption was incorrect,humility,civil,uncivil,Lazar Ljubenović,0,48,0.14814814814814814,0.18604651162790697,0.6111111111111112,0.3148148148148148,0,0.0,1.0,1.00164744645799,0.0
173,29205,501429582,"I believe that, in this case, inclusive"" means ~""how welcome someone ***feels*** in the angular community."" The poster is _telling us_ that, in at least one case, someone doesn't feel like the angular community is inclusive.""",considerateness,civil,uncivil,John,0,225,1.0,1.0,0.1,0.48148148148148145,0,0.15485996705107083,0.8434925864909391,0.8451400329489291,0.15485996705107083
174,29205,501429582,"It also makes clear that, as a community, we do care about how welcome people feel and our issue is not with the _intent_ of the original post (to be more inclusive and thoughtful), but rather the execution.",considerateness,civil,uncivil,John,0,207,0.8148148148148148,0.8148148148148148,0.8,0.7407407407407407,0,0.15485996705107083,0.8434925864909391,0.8451400329489291,0.15485996705107083
175,29205,501429582,"this seems to boil down to what percentage of the community/potential community might interpret `ng` as a slur.""""",considerateness,civil,uncivil,John,0,113,0.42592592592592593,0.42592592592592593,0.65,0.6851851851851852,0,0.15485996705107083,0.8434925864909391,0.8451400329489291,0.15485996705107083
176,29205,501429582,bolster their suggestion by providing more examples or reasons why the interpretation the girl had is actually generally applicable.,considerateness,civil,uncivil,John,0,132,0.37037037037037035,0.37037037037037035,0.75,0.7222222222222222,0,0.15485996705107083,0.8434925864909391,0.8451400329489291,0.15485996705107083
177,29205,501429582,"If I were evaluating this issue, I wouldn't care how many people interpret `ng-repeat` the way I intended, I'm interested in how many people interpret `ng-repeat` the way I *didn't* intend.",considerateness,civil,uncivil,John,0,189,0.7962962962962963,0.7962962962962963,0.95,0.7962962962962963,0,0.15485996705107083,0.8434925864909391,0.8451400329489291,0.15485996705107083
178,29205,501429582,"Because of this, this issue strikes me as providing valuable feedback and I would encourage people to surface similar experiences that they may have had.",considerateness,civil,uncivil,John,0,153,0.5,0.5,1.0,0.8148148148148148,0,0.15485996705107083,0.8434925864909391,0.8451400329489291,0.15485996705107083
179,29205,592993388,I'm sorry to hear about your experience and I understand the sensitivity of your concern.,considerateness,civil,civil,Igor Minar,0,89,0.3148148148148148,0.4358974358974359,0.25,0.05555555555555555,0,0.586490939044481,0.41186161449752884,0.4135090609555189,0.586490939044481
180,29205,592993388,Let us take some time to consider your request and respond in a mindful way.,considerateness,civil,civil,Igor Minar,0,76,0.2962962962962963,0.41025641025641024,0.5,0.07407407407407407,0,0.586490939044481,0.41186161449752884,0.4135090609555189,0.586490939044481
181,29205,723257917,It was never our intention,humility,civil,civil,Igor Minar,0,26,0.09259259259259259,0.16666666666666666,0.3,0.8703703703703703,0,1.0,0.0,0.0,1.0
182,29205,723257917,we will be very mindful of this problem when creating future APIs,considerateness,civil,civil,Igor Minar,0,65,0.2222222222222222,0.4,0.9,0.9814814814814815,0,1.0,0.0,0.0,1.0
183,29205,723257917,"We the Angular team, strongly believe in building an inclusive community where everyone feels welcome, and we see how especially ng-repeat could be problematic in certain scenarios.",considerateness,civil,civil,Igor Minar,0,181,0.5555555555555556,1.0,0.2,0.8518518518518519,0,1.0,0.0,0.0,1.0
184,29482,480979256,Did you dislike the idea of solving it via a tickable option in the Options window?,considerateness,civil,civil,Verel Pode,0,83,0.25757575757575757,0.25757575757575757,0.4,0.7753623188405797,0,0.5230414746543779,0.47465437788018433,0.4769585253456221,0.5023041474654378
185,29482,480985225,"If the idea of putting it in the Options window is rejected, then I'm trying to brainstorm an alternative solution",oppression,civil,civil,Verel Pode,0,114,0.3333333333333333,0.4888888888888889,0.125,0.45652173913043476,0,0.5230414746543779,0.47465437788018433,0.4769585253456221,0.5023041474654378
186,29482,548258153,"I personally don't feel like it's worth fixing myself, but i'd be happy to help you with a PR to change if it is something that is affecting you.",considerateness,civil,civil,None,0,145,0.5151515151515151,0.8947368421052632,0.5,0.5362318840579711,0,0.9976958525345622,0.002304147465437788,0.004608294930875576,0.9746543778801844
187,29482,548287920,Two minds being better than one and all that :),friendly_joke,civil,civil,None,0,47,0.16666666666666666,0.6875,0.6,0.9710144927536232,0,0.9976958525345622,0.002304147465437788,0.004608294930875576,0.9769585253456221
188,29482,548472440,"If that changes in the future, let me know.",considerateness,civil,uncivil,None,0,43,0.16666666666666666,0.4230769230769231,0.75,0.6811594202898551,0,0.9976958525345622,0.0,0.002304147465437788,0.9769585253456221
189,29482,548541288,My offers of assistance seem to not be welcome,dissatisfaction,civil,civil,None,0,46,0.13636363636363635,0.21428571428571427,0.8461538461538461,0.2898550724637681,0,0.9976958525345622,0.0,0.002304147465437788,0.9769585253456221
190,3058,557929239,It'd be great if a future version of Windows Terminal baked this in by default across all shells - it's really useful to have,expectation,civil,civil,Paul J. Durack,0,125,0.5416666666666666,0.5416666666666666,1.0,1.0,0,0.14325842696629212,0.8539325842696629,0.8567415730337079,0.14606741573033707
191,3117,3117,You can squint and imagine a merged feature that serves all the scenarios.,friendly_joke,civil,civil,,1,74,0.1320754716981132,0.1320754716981132,0.35294117647058826,0.6354166666666666,0,0.0,0.0,0.0,0.0
192,3117,728294594,It is very disappointed,dissatisfaction,civil,civil,Denis,0,23,0.03773584905660377,0.18181818181818182,0.3333333333333333,0.20833333333333334,0,0.9966666666666667,0.0,0.0033333333333333335,1.0
193,3117,728294594,I've started thinking that Microsoft consider community opinion ... I am very disappointed,sadness,civil,civil,Denis,0,90,0.1320754716981132,0.6363636363636364,0.6666666666666666,0.21875,0,0.9966666666666667,0.0,0.0033333333333333335,1.0
194,3117,728301628,I think to make right decision for this feature is to create a poll and ask people will they use this feature and would not be it annoying that exist two solutions: static methods and free functions ...,considerateness,civil,civil,Denis,0,202,0.36792452830188677,1.0,1.0,0.14583333333333334,0,0.9966666666666667,0.0,0.0033333333333333335,1.0
195,3117,728771652,And that's also normal that people who against it would like to have more acceptable reasoning or possibility of rethinking,dissatisfaction,civil,uncivil,Thaina Yu,0,123,0.19811320754716982,0.21649484536082475,0.375,0.5625,0,1.0,0.0,0.0033333333333333335,1.0033333333333334
196,3231,622234473,"when I say stop with ... I really mean that _we're the ones responsible, at the end of the day._ Sorry about that, it sounded bad on a re-read.",considerateness,civil,uncivil,Dustin L. Howett (MSFT),0,144,0.5074626865671642,1.0,0.8461538461538461,0.24390243902439024,0,0.7665369649805448,0.23346303501945526,0.23735408560311283,0.7704280155642024
197,32315,529573316,a few people have been asking me today about pip install 32 bit tensorflow support.,expectation,civil,civil,Steffan Jensen,0,83,0.48484848484848486,1.0,1.0,0.1,0,0.0,1.0,1.1111111111111112,0.0
198,32315,529667593,Having the same problem here. Would really appreciate a fix,expectation,civil,civil,None,0,59,0.3333333333333333,1.0,0.5,0.5,0,0.0,0.8888888888888888,1.0,0.1111111111111111
199,32315,531864482,then I am going to stop supporting Tensoeflow.,dissatisfaction,civil,uncivil,Steffan Jensen,0,46,0.2727272727272727,0.2727272727272727,0.25,0.6,0,0.6666666666666666,0.2222222222222222,0.3333333333333333,0.7777777777777778
200,32315,531871579,"We would appreciate a python 32bit fix, some distros install python 32 bit by default and there's no way around it",expectation,civil,civil,None,0,114,0.696969696969697,1.0,1.0,1.0,0,0.7777777777777778,0.1111111111111111,0.2222222222222222,0.7777777777777778
201,32315,532027042,A lot of my clients asking for this too. would appreciate a fix,expectation,civil,civil,None,0,63,0.42424242424242425,1.0,0.5,0.2,0,0.7777777777777778,0.1111111111111111,0.2222222222222222,0.8888888888888888
202,32315,532051271,another one just asked me for a fix -_-,expectation,civil,civil,Steffan Jensen,0,39,0.2727272727272727,0.9,1.0,0.2,0,0.7777777777777778,0.1111111111111111,0.2222222222222222,0.8888888888888888
203,32315,532776533,more people have asked me private for a fix today,expectation,civil,civil,Steffan Jensen,0,49,0.30303030303030304,1.0,1.0,1.0,0,1.0,0.0,0.1111111111111111,1.0
204,32497,513463750,Don't underestimate how difficult things like this are from a theoretical perspective.,commanding,civil,civil,Bruce Pascoe,0,86,0.2413793103448276,0.3181818181818182,0.2,0.1320754716981132,0,0.0,1.0,1.5,0.0
205,32497,513930709,Lots of people here manage to be constructive and positive and I'd appreciate your effort in not starting fights with us or other contributors.,considerateness,civil,uncivil,Ryan Cavanaugh,0,143,0.4482758620689655,0.4482758620689655,0.16666666666666666,0.8113207547169812,0,1.0,0.0,0.5,1.5
206,32497,513935809,Go and learn some manners!,commanding,civil,uncivil,KittenWithHerbs,0,26,0.10344827586206896,0.46153846153846156,1.0,0.5471698113207547,0,1.0,0.0,0.5,1.5
207,32876,32876,"I've read about observable something, but why would I use the whole framework if I had to use another framework and do my own implementation?",dissatisfaction,civil,uncivil,,1,141,0.5,0.5,0.75,0.5714285714285714,0,0.0,0.0,0.0,0.0
208,32876,535897521,If they make fool of me it's not my fault,sadness,civil,uncivil,None,0,41,0.19642857142857142,0.19642857142857142,0.875,0.6190476190476191,0,0.0,0.0,0.0,0.0
209,32876,535897521,"So this means the whole framework is unpolished, untested and lazy coded.",dissatisfaction,civil,uncivil,None,0,73,0.25,0.25,0.625,0.5238095238095238,0,0.0,0.0,0.0,0.0
210,32876,535910186,clearly you are feeling frustrated and angry right now. I can understand how that can happen.,considerateness,civil,civil,Pete Bacon Darwin,0,93,0.32142857142857145,0.6666666666666666,0.5,0.14285714285714285,0,0.0,0.0,0.0,0.0
211,32876,535910186,It is important that we work constructively to solve our problems and not resort to insults.,considerateness,civil,civil,Pete Bacon Darwin,0,92,0.30357142857142855,0.6296296296296297,0.8333333333333334,0.23809523809523808,0,0.0,0.0,0.0,0.0
212,33156,547344958,I'm very sorry if this will cause you to leave Godot.,sincere_apologies,civil,civil,Yuri Roubinsky,0,53,0.48148148148148145,0.7647058823529411,1.0,1.0,0,0.0,0.0,0.0,0.0
213,33677,414893935,"I understand that some black people may not consider these terms offensive, but I would rather someone not want to work with me because they think I am too politically correct than because they think I am too insensitive and blind.",considerateness,civil,civil,Justin Alan Ryan,0,231,0.0,0.0,1.0,0.0,0,0.0,1.0,1.0042918454935623,0.004291845493562232
214,33864,643666482,"Of course, if you @trivikr personally feel strongly about this then I support you :]",considerateness,civil,civil,Benjamin Gruenbaum,0,84,0.9,1.0,1.0,0.6923076923076923,0,0.0,1.0,1.0029585798816567,0.0029585798816568047
215,34281,34281,"If there's another way for this to work, I'm open to alternate ideas, but I think conditionally playbook imports would be generically useful.",humility,civil,uncivil,,1,141,0.56,0.56,0.5652173913043478,0.52,0,0.0,0.0,0.0,0.0
216,34281,428587115,Please use the‘  button to let the maintainers know you need this feature. Getting a ton of emails from these +1s.,expectation,civil,civil,Sebastiaan Luca,0,115,0.5,1.0,0.5,0.96,0,0.3022269353128314,0.6977730646871686,0.6988335100742312,0.26935312831389185
217,3469,483870981,I think you have a legitimate concern and I'm sorry if you feel like I'm ignoring you.,considerateness,civil,civil,Rich Chiodo,0,86,0.6896551724137931,1.0,0.25,0.7142857142857143,0,0.0,1.0,1.0015698587127158,0.0015698587127158557
218,3469,483870981,I think you have a legitimate concern and I'm sorry if you feel like I'm ignoring you.,sincere_apologies,civil,civil,Rich Chiodo,0,86,0.6896551724137931,1.0,0.25,0.7142857142857143,0,0.0,1.0,1.0015698587127158,0.0015698587127158557
219,3474,398224013,"do not you think that simply stating that I 'messed up writers"" ' without explaining why is rude?""",dissatisfaction,civil,civil,Konstantin Ignatyev,0,98,0.5384615384615384,0.5526315789473685,0.2,0.06666666666666667,0,1.0,0.0,0.5,0.0
220,35,631027900,"Look again, the name isn't Maui, the name is Multi-platform App UI which abbreviates to M.A.U.I.",commanding,civil,uncivil,Dan Siegel,0,96,0.2564102564102564,0.9090909090909091,0.4,0.14150943396226415,0,0.0,0.0,0.0,0.0
221,35,631044426,I hope this is not Microsoft's general attitude towards open source projects these days...,dissatisfaction,civil,civil,Ilya Bizyaev,0,90,0.20512820512820512,1.0,1.0,0.12264150943396226,0,0.0,0.0,0.0,0.0
222,35,631048209,"bro I am an Open Source author and maintainer so don't try lecturing me about being against off-putting towards the open-source community""""",oppression,civil,uncivil,Dan Siegel,0,139,0.32051282051282054,0.6756756756756757,1.0,0.839622641509434,0,0.0,0.0,0.0,0.0
223,35,631050931,"That's not because others really love .NET, but because they try to stay constructive here.",considerateness,civil,uncivil,Ilya Bizyaev,0,91,0.23076923076923078,0.6923076923076923,0.6,0.6226415094339622,0,0.0,0.0,0.0,0.0
224,35,631054804,MauiKit whether you want to hear it or not has no fundamentals of what I as an Open Source Author and Maintainer would consider signs of a healthy project.,oppression,civil,uncivil,Dan Siegel,0,155,0.38461538461538464,0.9375,0.7,0.2358490566037736,0,0.0,0.0,0.0,0.0
225,35,631057380,"We are talking about open source projects, there should be a common philosophy, not a competition for those who have the biggest issue counter.",considerateness,civil,civil,Mirko Brombin,0,143,0.34615384615384615,0.84375,0.3,0.9905660377358491,0,0.0,0.0,0.0,0.0
226,3571,430587200,"Sorry if I sounded harsh, that wasn't my intent.",sincere_apologies,civil,civil,Stephane Landelle,0,48,0.16666666666666666,0.4,0.25,0.8636363636363636,0,0.0,0.0,0.0,0.0
227,3571,430647906,"To be honest, this entire thread so far makes me far less inclined to introduce a dependency on the enterprise project.",dissatisfaction,civil,civil,Joseph Samuel,0,119,0.3194444444444444,0.3194444444444444,0.16666666666666666,0.13636363636363635,0,0.0,0.0,0.0,0.0
228,3580,432426435,will have to move to a real open source tool like JMeter instead of gatling.  Sad.,sadness,civil,civil,None,0,82,0.5142857142857142,1.0,0.5,0.08333333333333333,0,0.0,0.0,0.0,0.0
229,3580,432548687,We are really sorry to hear this.,sincere_apologies,civil,civil,Paul-Henri Pillet,0,33,0.22857142857142856,0.22857142857142856,0.1,0.25,0,0.0,0.0,0.0,0.0
230,36095,365237656,Don't be so agitated,commanding,civil,civil,Iavael,0,20,0.1724137931034483,0.2631578947368421,0.5,0.29411764705882354,0,0.0,0.0,0.0,0.0
231,36095,365262394,For best outcome please consider writing your messages mindfully and calmly explaining both your problem and what is the suggested resolution or expectation for it.,considerateness,civil,civil,Sviatoslav Sydorenko,0,164,0.896551724137931,1.0,0.75,0.17647058823529413,0,0.0,0.0,0.0,0.0
232,37113,716057171,"My sincere apologies.  I was in the wrong, and I've done you harm.  I'm sorry.",sincere_apologies,civil,civil,Ian Lance Taylor,0,78,0.27631578947368424,1.0,0.25,0.6666666666666666,0,0.9961685823754789,0.0,0.0038314176245210726,0.9961685823754789
233,37113,716060692,"Alex, sorry, I had gathered that you're recognized as the principle Windows maintainer. I didn't mean to invent a title.",sincere_apologies,civil,civil,Liam,0,120,0.34210526315789475,1.0,0.5,0.8333333333333334,0,0.9961685823754789,0.0,0.0038314176245210726,0.9961685823754789
234,37113,716063997,"Well, I'm sorry for having been slightly edgy due to the total irrelevance of that statement with which he accompanies the news that he unblocked me.",sincere_apologies,civil,uncivil,Eric,0,149,0.3815789473684211,0.3815789473684211,0.3333333333333333,0.9166666666666666,0,0.9961685823754789,0.0,0.0038314176245210726,1.0
235,37277,777701255,"Let's be clear - you're telling *me* that I don't credit trade-offs or drawbacks, on a project I maintain, for a protocol that was designed a year ago, and for which noone has reported any automated breakage of any system, while still being able to migrate at the time of their choice.",oppression,civil,civil,Maël Nison,0,285,1.0,1.0,0.8333333333333334,0.18840579710144928,0,0.02531645569620253,0.9620253164556962,0.9746835443037974,0.0379746835443038
236,37277,817176043,It's also been frustrating to be treated as a troll when I was called entitled but responded with a compliment.,sadness,civil,civil,Matthew Phillips,0,111,0.3548387096774194,0.6285714285714286,0.3333333333333333,0.2753623188405797,0,0.759493670886076,0.22784810126582278,0.24050632911392406,0.7721518987341772
237,37277,817176043,It was frustrating to see my point be misinterpreted as something else.,sadness,civil,civil,Matthew Phillips,0,71,0.20967741935483872,0.37142857142857144,0.25,0.2608695652173913,0,0.759493670886076,0.22784810126582278,0.24050632911392406,0.7721518987341772
238,37277,817180957,"I'm sorry if you felt your concern wasn't taken into consideration, I think it's simply because you believe, as you said, making future decisions based on trust is a mistake"", while other people may not (I don't).""",sincere_apologies,civil,civil,Antoine du Hamel,0,214,0.8064516129032258,1.0,1.0,0.4927536231884058,0,0.759493670886076,0.22784810126582278,0.24050632911392406,0.7721518987341772
239,37771,650187983,Think about that.,commanding,civil,uncivil,None,0,17,0.07692307692307693,0.17391304347826086,1.0,0.4,0,0.0,0.0,0.0,0.0
240,37771,650294204,"I read some thoughtful and reasonable responses in this thread, and I understand how everyone has their point of view.",considerateness,civil,civil,Minko Gechev,0,118,0.4230769230769231,1.0,0.25,0.9076923076923077,0,0.0,0.0,0.0,0.0
241,37925,653762791,Stop whining about that and remove the BLM from the site.,commanding,civil,uncivil,None,0,57,0.48,1.0,1.0,1.0,0,0.0,0.0,0.0,0.0
242,37963,655447642,grow some thicker skin and calm down.,commanding,civil,uncivil,None,0,37,0.27586206896551724,0.27586206896551724,0.6666666666666666,0.36363636363636365,0,0.0,0.0,0.0,0.0
243,3808,160153930,"As a side note, the kind of errors hit by the users on the thread of this issue (lack of basic knowledge of Python for instance) tells me that we cannot solve their problem.",sadness,civil,civil,Gael Varoquaux,0,173,0.36792452830188677,1.0,0.7777777777777778,0.5542168674698795,0,0.5232403718459495,0.4754316069057105,0.4767596281540505,0.5245683930942895
244,3808,160201906,"He, being one of the top contributors to scikit-learn has to make tough decisions as to what will go into our codebase and what will not, as a more verbose documentation or tutorial might not be preferable for a lot of people.",oppression,civil,civil,"(Venkat) Raghav, Rajagopalan",0,226,0.42452830188679247,0.703125,0.2,0.14457831325301204,0,0.5232403718459495,0.4754316069057105,0.4767596281540505,0.5245683930942895
245,3808,160203689,"we understand your eagerness to solve your problem, and your frustration when it is not solved.",considerateness,civil,uncivil,Emmanuelle Gouillart,0,95,0.16981132075471697,0.4,0.05555555555555555,0.5903614457831325,0,0.5232403718459495,0.4754316069057105,0.4767596281540505,0.5245683930942895
246,3808,3808,I am very new in scikit-learn.,humility,civil,civil,,1,30,0.0660377358490566,0.4666666666666667,0.3333333333333333,0.060240963855421686,0,0.0,0.0,0.0,0.0
247,3808,60899671,I will be highly appreciated any useful advice.,humility,civil,civil,None,0,47,0.08490566037735849,0.3103448275862069,1.0,0.3253012048192771,0,0.0,0.99867197875166,1.0,0.0013280212483399733
248,3915,3915,"Sorry if this issue seems a bit salty, but it's really annoying",dissatisfaction,civil,civil,,1,63,0.2222222222222222,0.2222222222222222,1.0,1.0,0,0.0,0.0,0.0,0.0
249,3915,565350275,I just lost hours worth of state because of this behavior.,dissatisfaction,civil,civil,Christian Axelsson,0,58,0.19047619047619047,0.9230769230769231,1.0,0.01639344262295082,0,0.002325581395348837,0.9953488372093023,0.9976744186046511,0.0
250,3915,574055235,Just having automatic updates install upon next launch would be a perfectly fine behavior,expectation,civil,civil,Christian Axelsson,0,89,0.2222222222222222,0.9333333333333333,1.0,0.9508196721311475,0,0.07674418604651163,0.9209302325581395,0.9232558139534883,0.07441860465116279
251,3915,630252284,Unfortunately I am going to have to abandon it until this issue is fixed because I'm losing a lot of time and work every other week when an update is pushed and my long-running processes are lost.,dissatisfaction,civil,uncivil,Eric,0,196,0.6190476190476191,1.0,1.0,0.9344262295081968,0,0.3697674418604651,0.6302325581395349,0.6325581395348837,0.3674418604651163
252,3915,664900745,Don't act on theories!,commanding,civil,uncivil,Jesse Jackson,0,22,0.09523809523809523,0.17647058823529413,1.0,0.04918032786885246,0,0.5325581395348837,0.46511627906976744,0.46744186046511627,0.5325581395348837
253,4015,4015,This is the second or third time I've been screwed over by Microsoft's shitty installation practices.,dissatisfaction,civil,uncivil,,1,101,0.5428571428571428,0.5428571428571428,0.5263157894736842,0.24390243902439024,0,0.0,0.0,0.0,0.0
254,4015,567217278,The grass isn't greener on the other side...,friendly_joke,civil,uncivil,Hirad Asadi,0,44,0.2857142857142857,1.0,0.6666666666666666,0.975609756097561,0,0.0,1.0,2.0,0.0
255,42058,834740790,"To be fair, @jeremylt, the 300hrs estimate was quite demotivating for me when I started.",dissatisfaction,civil,civil,Josh Knapp,0,88,1.0,1.0,1.0,1.0,0,0.0,0.0,0.0,0.0
256,428,632421578,"I don't believe anything I've said could fairly be labeled mansplaining, but I am sorry that I was curt",sincere_apologies,civil,civil,Michael Diamond,0,103,0.4230769230769231,0.4230769230769231,0.9545454545454546,0.6363636363636364,0,1.0,0.0,0.0,0.9980119284294234
257,432,600512665,"This mistake is still haunting us years later, unfortunately.",dissatisfaction,civil,civil,Michal Strehovský,0,61,0.171875,0.28205128205128205,1.0,0.5510204081632653,0,0.0,0.0,1.0,1.0
258,432,600675958,It's sad that I have to use such a long winded approach to try and defend its future and get certain parts of Microsoft to cooperate with other parts.,sadness,civil,uncivil,Mario Pintaric,0,150,0.484375,0.7948717948717948,0.25,0.5918367346938775,0,1.0,0.0,1.0,2.0
259,4518,500270587,Replace the template text and remove irrelevant text as the instruction says.,commanding,civil,civil,K.Takata,0,77,0.30952380952380953,0.65,0.2857142857142857,0.07142857142857142,0,0.0,1.0,1.0014727540500736,0.0
260,4518,752365666,"I think it is more important that the main developer of Vim can concentrate on enhancing and improving Vim instead of having to change a workflow, that has been proven to be working well for the past 30 years.",dissatisfaction,civil,civil,Christian Brabandt,0,209,0.9761904761904762,0.9761904761904762,0.6666666666666666,0.9642857142857143,0,0.8379970544918999,0.16200294550810015,0.1634756995581738,0.8394698085419735
261,46430,46430,"My words were met by defensiveness, ego, stubbornness, ignorance, and delusion.",sadness,civil,uncivil,,1,79,0.18604651162790697,0.18604651162790697,0.12359550561797752,0.12359550561797752,0,0.0,0.0,0.0,0.0
262,46430,46430,Starting a reply with the conversation is already over is not okay.,dissatisfaction,civil,uncivil,,1,68,0.1511627906976744,0.1511627906976744,0.30337078651685395,0.30337078651685395,0,0.0,0.0,0.0,0.0
263,46904,810043177,"Check out the web service to see how they want you to do it. If it's your own server, set it up properly.",commanding,civil,uncivil,Gábor,0,105,0.675,0.675,0.3076923076923077,0.3076923076923077,0,0.9166666666666666,0.08333333333333333,0.08527131782945736,0.9186046511627907
264,47841,384634459,"Make up your mind, updater…",friendly_joke,civil,civil,Nathan,0,27,0.24,0.24,0.75,0.75,0,0.06060606060606061,0.9393939393939394,0.9444444444444444,0.005050505050505051
265,486,490023091,Have patience,commanding,civil,civil,David De Sloovere,0,13,0.05405405405405406,0.10526315789473684,0.5,0.8809523809523809,0,0.0,0.0,0.0,0.0
266,486,490023091,doesn't hurt to be polite.,commanding,civil,civil,David De Sloovere,0,26,0.1891891891891892,0.3684210526315789,1.0,0.047619047619047616,0,0.0,0.0,0.0,0.0
267,486,490047426,"fork it, fix it, make a pull request and contribute.",commanding,civil,uncivil,GreenMan36,0,52,0.35135135135135137,0.35135135135135137,0.9444444444444444,0.47619047619047616,0,0.0,0.0,0.0,0.0
268,50118,751278315,It seems here that Microsoft is taking an active approach to kill VB actively (as opposed to passive approach - just let it die by abandoning it). :-(,sadness,civil,civil,Đonny,0,150,1.0,1.0,0.5,0.5,0,1.0,0.0,1.0,1.0
269,51699,460396163,I probably shouldn't make any more PR as they will fail.,sadness,civil,civil,None,0,56,0.34210526315789475,0.43333333333333335,0.5,0.8333333333333334,0,0.0,0.0,1.0,1.0
270,51699,460767290,"I feel my time creating that PR was wasted, so not rewarding, hence I'll think twice before making another PR.",dissatisfaction,civil,uncivil,None,0,110,0.631578947368421,0.631578947368421,0.75,0.5,0,1.0,0.0,0.0,2.0
271,51699,460767290,"I feel my time creating that PR was wasted, so not rewarding, hence I'll think twice before making another PR.",sadness,civil,uncivil,None,0,110,0.631578947368421,0.631578947368421,0.75,0.5,0,1.0,0.0,0.0,2.0
272,51699,460767290,I'm sorry I don't have much time for other things beside work and family.,sadness,civil,uncivil,None,0,73,0.4473684210526316,0.4473684210526316,0.125,0.08333333333333333,0,1.0,0.0,0.0,2.0
273,51699,460767290,I didn't realize a 4 line PR would pull me into a discussion on how to improve it by implementing a new code base and consequently figure why shippable would fail.,dissatisfaction,civil,uncivil,None,0,163,0.868421052631579,0.868421052631579,0.25,0.16666666666666666,0,1.0,0.0,0.0,2.0
274,51699,460767290,I didn't realize a 4 line PR would pull me into a discussion on how to improve it by implementing a new code base and consequently figure why shippable would fail.,sadness,civil,uncivil,None,0,163,0.868421052631579,0.868421052631579,0.25,0.16666666666666666,0,1.0,0.0,0.0,2.0
275,51699,460767290,"Feel free do whatever you see fit, I'm off to other things, good luck & sorry for the noise.",dissatisfaction,civil,uncivil,None,0,92,0.6052631578947368,0.6052631578947368,1.0,0.6666666666666666,0,1.0,0.0,0.0,2.0
276,51699,460767290,"Feel free do whatever you see fit, I'm off to other things, good luck & sorry for the noise.",sincere_apologies,civil,uncivil,None,0,92,0.6052631578947368,0.6052631578947368,1.0,0.6666666666666666,0,1.0,0.0,0.0,2.0
277,5319,272505864,"I think it really has to do with time of day, traffic, alignment of the planets, etc.",friendly_joke,civil,civil,Jason Adams,0,85,0.5833333333333334,0.84,0.2,0.6296296296296297,0,0.6015424164524421,0.3976006855184233,0.39845758354755784,0.6015424164524421
278,5319,315969569,Sooooooooooooooo slowly :(,sadness,civil,civil,Rick Lu,0,26,0.1111111111111111,1.0,1.0,0.8148148148148148,0,0.7609254498714653,0.2390745501285347,0.23993144815766923,0.7609254498714653
279,5319,383594627,My apologies for the frustration this issue has caused.,sincere_apologies,civil,civil,Chris Roberts,0,55,0.2777777777777778,0.2777777777777778,0.6875,0.4074074074074074,0,1.0,0.0,0.0,1.0
280,5319,74088452,It would be helpful if you could benchmark this with curl for reference.,expectation,civil,civil,Seth Vargo,0,72,0.3888888888888889,0.6086956521739131,1.0,1.0,0,0.000856898029134533,0.998286203941731,0.9991431019708654,0.000856898029134533
281,54508,808843192,"i wish Salt guys put the comments inside this source, listing all the bugs related to this module.",expectation,civil,civil,None,0,98,0.5405405405405406,0.5882352941176471,0.10526315789473684,0.031496062992125984,0,0.0,1.0,2.0,0.0
282,54508,808871973,i made quite many changes in that mounts.py - and now i am thinking about undoing almost all of them... Lack of any documentation...,dissatisfaction,civil,civil,None,0,132,0.7027027027027027,0.7027027027027027,0.03333333333333333,0.41732283464566927,0,0.0,1.0,2.0,1.0
283,54508,808875885,"See... i know very little about Linux and nothing about Python, so i was googling everything i could think of :-)",humility,civil,civil,None,0,113,0.6756756756756757,0.78125,0.3333333333333333,0.6614173228346457,0,0.0,1.0,2.0,1.0
284,54508,809571317,it is sad how fast you were to say Salt is all wrong and how protective you fet about OMV.,sadness,civil,uncivil,None,0,90,0.5675675675675675,0.5675675675675675,0.02564102564102564,0.7007874015748031,0,1.0,0.0,1.0,2.0
285,61450,660447254,Our customers have complained after opening the application for the first time :(,sadness,civil,civil,None,0,81,0.28,1.0,1.0,1.0,0,0.02702702702702703,0.963963963963964,0.972972972972973,0.036036036036036036
286,61450,709528311,Disappointing that this is not being considered high priority.,dissatisfaction,civil,civil,None,0,62,0.2,1.0,0.5,0.05263157894736842,0,0.8378378378378378,0.16216216216216217,0.17117117117117117,0.8468468468468469
287,61450,709537130,"Honestly, this issue made me re-consider of cross-platform frameworks being owned by the same company (Google here) will be supported at best, and ignoring quality metrics delivery on other platforms (iOS).",dissatisfaction,civil,civil,Abdulmomen Kadum عبدالمؤمن كاظم,0,206,0.76,1.0,0.25,0.15789473684210525,0,0.8378378378378378,0.16216216216216217,0.17117117117117117,0.8468468468468469
288,6418,394940176,The project needs lifesaving measures as it's community is dissatisfied enough to be discussing forks.,dissatisfaction,civil,civil,Douglas Gaskell,0,102,0.22666666666666666,0.4473684210526316,0.09090909090909091,0.8333333333333334,0,0.018867924528301886,0.9811320754716981,0.9905660377358491,0.018867924528301886
289,6418,395335257,"Issues where opened and closed by the bot without any reponse, and nobody but you can do some critical things (merging pull requests, publishing fixes...).",dissatisfaction,civil,uncivil,prudho,0,155,0.41333333333333333,0.9393939393939394,0.5,0.2833333333333333,0,0.02830188679245283,0.9716981132075472,0.9811320754716981,0.02830188679245283
290,6418,395621257,"I hope people keep that vision in mind, when considering the near-term goals like providing prompt feedback directly on GitHub discussions, quick resolution for user-contributed PRs, maintenance releases etc.",expectation,civil,civil,Jack Lukic,0,208,0.44,0.6875,0.6666666666666666,0.43333333333333335,0,0.02830188679245283,0.9622641509433962,0.9716981132075472,0.03773584905660377
291,6418,395625797,I do continue to feel pretty disappointed that the active project ownership that is so badly is still not coming in the near term.,dissatisfaction,civil,civil,Chris Brody,0,130,0.3333333333333333,0.8928571428571429,0.8,0.2,0,0.02830188679245283,0.9622641509433962,0.9716981132075472,0.03773584905660377
292,6418,395749371,I agree your mind but really sad about results...  :-|,sadness,civil,civil,None,0,54,0.16,0.16,0.8571428571428571,0.1,0,0.03773584905660377,0.9622641509433962,0.9716981132075472,0.03773584905660377
293,6418,395749371,"PS : sorry for my poor english, frenchies are really bad with it :-)",friendly_joke,civil,civil,None,0,68,0.22666666666666666,0.22666666666666666,1.0,0.11666666666666667,0,0.03773584905660377,0.9622641509433962,0.9716981132075472,0.03773584905660377
294,6418,396349954,"I love you Jack, for making SUI. I just hope you dont get crazy <3",friendly_joke,civil,civil,Peter Robertz,0,66,0.24,1.0,0.5,0.23333333333333334,0,0.0660377358490566,0.9245283018867925,0.9339622641509434,0.07547169811320754
295,6418,422386196,At the same time I must mention one thing: **you will not succeed on your own**.,dissatisfaction,civil,civil,Dave Gson,0,80,0.29333333333333333,0.5945945945945946,0.23529411764705882,0.5333333333333333,0,1.0,0.0,0.0,1.0
296,6418,422386196,In that regard I find it highly confusing - and disrespectful imho - that you chose to ignore all suggestions to delegate power to trusted contributors who would like to help you to maintain SUI 2.x.,dissatisfaction,civil,civil,Dave Gson,0,199,0.49333333333333335,1.0,0.29411764705882354,0.55,0,1.0,0.0,0.0,1.0
297,6418,422386196,"PS: You will still be the captain ,)",friendly_joke,civil,civil,Dave Gson,0,36,0.13333333333333333,0.2702702702702703,1.0,0.75,0,1.0,0.0,0.0,1.0
298,6443,574547217,"If you're just going to hack around with low level packets, then just use netty and don't bother us when things break.",commanding,civil,uncivil,LexManos,0,118,0.2222222222222222,0.8125,1.0,1.0,0,0.0,0.0,0.0,0.0
299,6443,574551507,"I understand that it won't be accepted, I'm not contesting that.",oppression,civil,uncivil,The_Fireplace,0,64,0.1282051282051282,0.4166666666666667,0.5,0.4444444444444444,0,0.0,0.0,0.0,0.0
300,67,631646199,be kind,commanding,civil,civil,Chase Florell,0,7,0.05405405405405406,0.125,1.0,0.5454545454545454,0,0.0,0.0,0.0,0.0
301,6844,372400893,"As a consumer of your product, I expect it to work as advertised",expectation,civil,uncivil,Eric MORAND,0,64,0.5,0.5185185185185185,0.8333333333333334,0.5714285714285714,0,0.0,1.0,1.009009009009009,0.009009009009009009
302,6844,372407740,"So our apologies if some things take too long, or don't end up happening",sincere_apologies,civil,uncivil,Deleted user,0,72,0.5714285714285714,0.5714285714285714,1.0,0.21428571428571427,0,0.0,1.0,1.009009009009009,0.009009009009009009
303,6844,372407740,but it's wrong to blame the maintainers for this.,dissatisfaction,civil,uncivil,Deleted user,0,49,0.39285714285714285,0.39285714285714285,1.0,0.21428571428571427,0,0.0,1.0,1.009009009009009,0.009009009009009009
304,68763,616246953,Well I'm having trouble making a reproducer for this.,humility,civil,civil,Kenyon Ralph,0,53,0.34375,0.34375,0.1111111111111111,0.1111111111111111,0,0.07913669064748201,0.9136690647482014,0.920863309352518,0.07913669064748201
305,6948,384153347,it would be great if there was a built-in way to paginate a list Jekyll collection items on a page.,expectation,civil,civil,Andrew Sipple,0,99,0.3684210526315789,0.7777777777777778,0.75,0.06666666666666667,0,0.006756756756756757,0.9864864864864865,0.9932432432432432,0.013513513513513514
306,6948,384153347,it would be nice if there was a built in pagniation that worked for both post and collection items.,expectation,civil,civil,Andrew Sipple,0,99,0.3508771929824561,0.7407407407407407,1.0,0.08333333333333333,0,0.006756756756756757,0.9864864864864865,0.9932432432432432,0.013513513513513514
307,6948,385148351,would like to see Nested Collections.,expectation,civil,civil,Rituraj Achuthan,0,37,0.12280701754385964,0.4375,0.3333333333333333,0.23333333333333334,0,0.033783783783783786,0.9662162162162162,0.972972972972973,0.033783783783783786
308,6948,385313083,I would like to see [reading metadata in separate files],expectation,civil,civil,None,0,56,0.21052631578947367,1.0,1.0,0.2833333333333333,0,0.0472972972972973,0.9527027027027027,0.9594594594594594,0.0472972972972973
309,6948,385857693,I would like to see the tags of collections included in site.tags.,expectation,civil,civil,C. M. Helmer,0,66,0.22807017543859648,1.0,0.3333333333333333,0.2833333333333333,0,0.05405405405405406,0.9391891891891891,0.9459459459459459,0.060810810810810814
310,6948,386622387,build in support for content blocks and components,expectation,civil,civil,Shivaji Varma Pusapati Venkata,0,50,0.14035087719298245,1.0,1.0,0.03333333333333333,0,0.07432432432432433,0.9256756756756757,0.9324324324324325,0.07432432432432433
311,6948,386685852,I'd very much love to have native support for Coffeescript in much the same manner as Sass.,expectation,civil,civil,Deleted user,0,91,0.3333333333333333,1.0,0.16666666666666666,0.75,0,0.07432432432432433,0.9256756756756757,0.9324324324324325,0.07432432432432433
312,6948,386769747,"it would be great to have more interactions with github, like pulling profile information (contributions, avatar, ), releases data - and convert it for proper publication.",expectation,civil,civil,-k,0,171,0.5614035087719298,1.0,0.25,0.85,0,0.07432432432432433,0.918918918918919,0.9256756756756757,0.08108108108108109
313,6948,386803866,I would like to see an automated tool like Webpack integrated into Jekyll to handle Sass and Javascript.,expectation,civil,civil,Andrew Sipple,0,104,0.3333333333333333,0.7916666666666666,0.3333333333333333,0.18333333333333332,0,0.08108108108108109,0.918918918918919,0.9256756756756757,0.08108108108108109
314,6948,386843679,I'd love to see Docker volume mounts work with Jekyll and Docker for Windows.,expectation,civil,civil,Nick Janetakis,0,77,0.2807017543859649,0.41025641025641024,0.09090909090909091,0.5666666666666667,0,0.08108108108108109,0.9121621621621622,0.918918918918919,0.08783783783783784
315,6948,387647384,I would love to see an offically supported page generator from data files.,expectation,civil,civil,Nikolaus Kühn,0,74,0.24561403508771928,0.3111111111111111,0.07142857142857142,0.3333333333333333,0,0.10810810810810811,0.8918918918918919,0.8986486486486487,0.10810810810810811
316,6948,387878154,Make internal linking easier.,expectation,civil,civil,Oração Já,0,29,0.08771929824561403,0.5,0.5,0.9166666666666666,0,0.10810810810810811,0.8918918918918919,0.8986486486486487,0.11486486486486487
317,698,698,Dont work with fb and google,commanding,civil,civil,,1,28,1.0,1.0,1.0,1.0,0,0.0,0.0,0.0,0.0
318,7240,7240,This is not the level of security awareness I expect Microsoft to have.,dissatisfaction,civil,civil,,1,71,0.22580645161290322,0.6086956521739131,0.8,0.16666666666666666,0,0.0,0.0,0.0,0.0
319,7240,7240,work with your security teams to get the uploader qualified by at least the major vendors,commanding,civil,civil,,1,89,0.25806451612903225,0.6956521739130435,1.0,0.20833333333333334,0,0.0,0.0,0.0,0.0
320,7432,450413054,A company that does not understand the need of a full doc do not will offer a serious support in the long time,dissatisfaction,civil,civil,Mirko Tebaldi,0,110,0.359375,0.9583333333333334,0.8333333333333334,0.3125,0,1.0,0.0,0.16666666666666666,0.8333333333333334
321,7432,450413054,Close this issue,commanding,civil,civil,Mirko Tebaldi,0,16,0.046875,0.125,0.6666666666666666,0.25,0,1.0,0.0,0.16666666666666666,0.8333333333333334
322,8019,626575842,"It would be nice to at least give an explanation before just closing an issue, this way nothing will get resolved,",dissatisfaction,civil,civil,Julian Burner,0,114,0.92,0.92,1.0,1.0,0,1.0,0.0,0.0,0.1111111111111111
323,8019,626575842,"It would be nice to at least give an explanation before just closing an issue, this way nothing will get resolved,",expectation,civil,civil,Julian Burner,0,114,0.92,0.92,1.0,1.0,0,1.0,0.0,0.0,0.1111111111111111
324,8441,735767301,Wondering if Terminal users are mentally prepared to such amount of social activity in their lives.. switching from 0 social life to this directly might be... Overwhelming,friendly_joke,civil,civil,None,0,171,0.725,1.0,0.3333333333333333,0.875,0,0.0,0.0,1.0,1.0
325,8441,736227422,"It's a fun-take and I wanted to upvote it for the fun part, but then I thought it may send the wrong message so I had to downvote it, just to not confuse newcomers. ,)",considerateness,civil,civil,None,0,167,1.0,1.0,0.06666666666666667,0.20833333333333334,0,0.0,0.0,1.0,1.0
326,87328,87328,"The removal of the santa hat, and kowtowing to a fake user, is incredibly offensive to me.",dissatisfaction,civil,civil,,1,90,1.0,1.0,0.5,0.5,0,0.0,0.0,0.0,0.0
327,87339,87339,"When I updated my VSCode, it was gone.",sadness,civil,civil,,1,38,0.2702702702702703,0.2702702702702703,0.375,0.2727272727272727,0,0.0,0.0,0.0,0.0
328,87341,567433703,If you don't do it I'll feel sad and disappointed.,dissatisfaction,civil,civil,Maciej Sawicki,0,50,0.4642857142857143,1.0,1.0,0.38095238095238093,0,0.0,0.0,0.0,0.0
329,87341,567461210,I'm deeply sorry for my insensitivity.,sincere_apologies,civil,civil,None,0,38,0.2857142857142857,0.5333333333333333,0.5,0.09523809523809523,0,0.0,0.0,0.0,0.0
330,87342,567440983,Bring back the Santa's hat!,commanding,civil,uncivil,Marcin Gomulak,0,27,0.25,0.3684210526315789,1.0,1.0,0,0.0,0.0,0.0,0.0
331,87342,567444807,"I liked the santa hat, it brought a little joy to my day. Very sad that it has been removed.",sadness,civil,civil,None,0,92,0.8214285714285714,1.0,0.5,0.7692307692307693,0,0.0,0.0,0.0,0.0
332,87369,87369,bring the hat back,commanding,civil,civil,,1,18,0.0,0.0,0.5,0.0,0,0.0,0.0,0.0,0.0
333,87371,87371,Bring back the hat.,commanding,civil,civil,,1,19,1.0,1.0,0.5,0.5,0,0.0,0.0,0.0,0.0
334,87380,567493345,Put a satan hat back.,commanding,civil,civil,Craig Edwards,0,21,0.375,0.75,1.0,1.0,0,0.0,0.0,0.0,0.0
335,87381,567498186,add a Satan Hat!,commanding,civil,civil,None,0,16,0.4166666666666667,1.0,1.0,0.5,0,0.0,0.0,0.0,0.0
336,87389,567509702,"Assuming he was trolling: troll successful, gg",friendly_joke,civil,uncivil,Virgiliu,0,46,0.2727272727272727,0.2727272727272727,1.0,0.9090909090909091,0,0.0,0.0,0.0,0.0
337,87389,567512358,"I'm also not happy that the santa hat was removed, completely ignoring the public opinion here on GH.",sadness,civil,civil,Lars Müller,0,101,0.6363636363636364,1.0,1.0,1.0,0,0.0,0.0,0.0,0.0
338,885,378635638,"I def understand how frustrated you are, but every new platform has its shares of issues and stability.",considerateness,civil,uncivil,Stephen Hodgson,0,103,0.5263157894736842,0.5263157894736842,0.06666666666666667,0.3235294117647059,0,1.0,0.0,0.0,1.0044843049327354
339,885,378635638,"I understand you're frustrated, but having a positive attitude, even when you're stressed out or frustrated speaks volumes to others who are genuinely trying to help.",considerateness,civil,uncivil,Stephen Hodgson,0,166,0.8157894736842105,0.8157894736842105,1.0,0.7352941176470589,0,1.0,0.0,0.0,1.0044843049327354
340,8921,8921,"Instead, when are you going to add REAL support for streaming??",expectation,civil,uncivil,,1,63,0.4827586206896552,0.4827586206896552,0.2,0.2,0,0.0,0.0,0.0,0.0
341,8921,8921,"I'm almost 40, and I bet I'm gonna die BEFORE you even get the idea to implement all of this!!! Pfffff...............",friendly_joke,civil,uncivil,,1,117,1.0,1.0,0.9333333333333333,0.9333333333333333,0,0.0,0.0,0.0,0.0
342,901,362221782,that is painful,sadness,civil,civil,Yordis Prieto,0,15,0.10714285714285714,0.0,0.4666666666666667,0.8,0,0.985781990521327,0.014218009478672985,0.018957345971563982,0.6540284360189573
343,901,362923057,Embrace the patterns of the npm ecosystem.,commanding,civil,civil,Daniel Stockman,0,42,0.2857142857142857,0.7272727272727273,1.0,1.0,0,1.0,0.0,0.004739336492890996,0.6729857819905213
344,901,362932079,Could you show me how to resolve this issue please?,humility,civil,civil,Yordis Prieto,0,51,0.39285714285714285,0.39285714285714285,0.8333333333333334,0.5,0,1.0,0.0,0.004739336492890996,0.6729857819905213
345,901,362948182,fork lerna and do it yourself.,commanding,civil,uncivil,Daniel Stockman,0,30,0.25,0.5833333333333334,0.5,0.7,0,1.0,0.0,0.0,0.6729857819905213
346,9203,9203,what a waste of time.,dissatisfaction,civil,uncivil,,1,21,0.2857142857142857,0.2857142857142857,1.0,1.0,0,0.0,0.0,0.0,0.0
347,95898,717293362,"We are talking things technically, don't make it personal.",commanding,civil,uncivil,povsister,0,58,0.19672131147540983,0.5217391304347826,0.25,0.15,0,0.0,1.0,2.0,1.0
348,95898,717293362,Calm down,commanding,civil,uncivil,povsister,0,9,0.03278688524590164,0.08695652173913043,0.08333333333333333,0.05,0,0.0,1.0,2.0,1.0
349,95898,717293362,"If you feel disrespect on nasty"", I apologize.""",sincere_apologies,civil,uncivil,povsister,0,47,0.19672131147540983,0.5217391304347826,0.9166666666666666,0.55,0,0.0,1.0,2.0,1.0
